id,title,author,genre,year_published,average_rating
1,Right-sized maximized framework,Phillip Montgomery,Romance,1930,1.4
2,Cross-platform foreground structure,Melissa Munoz,Non-Fiction,1975,4.2
3,Enterprise-wide bifurcated budgetary management,Glenn Brooks,Science Fiction,2014,2.9
4,Function-based bifurcated functionalities,Anna Higgins,Science Fiction,1951,4.1
5,Automated optimal complexity,Tiffany Ferguson,Non-Fiction,1951,4.7
6,Grass-roots solution-oriented throughput,David Hernandez,Fantasy,1974,2.1
7,Digitized 5thgeneration function,Richard Wells,Non-Fiction,1989,3.0
8,Assimilated intangible pricing structure,John Davis,Science Fiction,1958,2.4
9,Function-based homogeneous capacity,Jonathan Sims,Fantasy,1958,2.9
10,Horizontal stable standardization,Chris Chambers,Fantasy,1997,1.3
11,Switchable composite firmware,Warren Clark,Mystery,1927,2.5
12,Decentralized disintermediate groupware,Samuel Hill,Science Fiction,1997,2.0
13,Upgradable bottom-line installation,Charles Hernandez,Mystery,2017,3.8
14,Decentralized mobile Internet solution,John Hammond,Romance,2014,3.9
15,Object-based secondary forecast,Jeffery Williams,Science Fiction,1972,4.4
16,Horizontal encompassing infrastructure,Lisa Pruitt,Romance,2003,4.6
17,Mandatory human-resource function,Zachary Williams,Science Fiction,1965,1.8
18,Future-proofed didactic hardware,Kari Ellis,Science Fiction,1908,2.6
19,Optimized 24hour solution,Diane Sandoval,Science Fiction,2021,1.0
20,Focused logistical application,Dylan Harris,Romance,1971,2.4
21,Enhanced impactful neural-net,Scott King,Fantasy,1908,4.0
22,Cloned analyzing intranet,Leslie Ramos,Mystery,1909,1.2
23,Synergized composite initiative,Cory Tucker,Mystery,1981,1.2
24,Object-based systemic analyzer,Gary Ruiz,Science Fiction,1932,2.9
25,Reverse-engineered mobile capability,Alex Williams,Science Fiction,1969,2.0
26,Quality-focused 5thgeneration success,Kathryn Martinez,Science Fiction,1910,5.0
27,Cloned intermediate methodology,Gregory Keller,Fantasy,1967,3.5
28,Phased maximized adapter,William Huerta,Romance,1943,1.3
29,Seamless 4thgeneration flexibility,Lisa Delgado,Science Fiction,2006,1.4
30,Quality-focused actuating array,Christopher Grant,Non-Fiction,1904,2.1
31,Automated neutral protocol,Michele Harris,Non-Fiction,1961,1.8
32,Extended optimizing archive,Nicholas Mckenzie,Mystery,2019,3.3
33,Monitored stable capability,Dale Wilkinson,Fantasy,1902,5.0
34,Intuitive optimizing toolset,Logan Mejia,Mystery,2001,3.4
35,Profound attitude-oriented customer loyalty,Natalie Gay,Science Fiction,1964,1.3
36,Intuitive 3rdgeneration instruction set,Melinda Williams,Romance,1940,1.9
37,Face-to-face actuating collaboration,Richard Alvarado,Mystery,2021,3.0
38,Future-proofed analyzing product,Emily Casey,Fantasy,1908,1.2
39,Networked explicit ability,Anthony Blair,Non-Fiction,1955,3.7
40,Down-sized coherent help-desk,Mr. Samuel Ballard,Science Fiction,2022,3.2
41,Extended radical orchestration,Alexis Bryant,Science Fiction,1938,2.3
42,Function-based contextually-based protocol,Cynthia Ayala DDS,Science Fiction,2018,1.3
43,Visionary hybrid hierarchy,Patricia Dickerson,Mystery,1944,1.5
44,Integrated global project,Kelly Branch,Mystery,1941,3.5
45,Self-enabling hybrid open system,Nancy Walker,Fantasy,1972,3.2
46,Down-sized next generation protocol,Dawn Garcia,Fantasy,1942,2.3
47,Operative executive help-desk,Audrey Williams,Fantasy,2017,4.4
48,Digitized local service-desk,Kyle Lopez,Science Fiction,2013,1.6
49,Advanced solution-oriented attitude,Norman Kim,Mystery,1945,2.7
50,Managed disintermediate policy,Adam Conley,Non-Fiction,1958,1.7
51,Virtual analyzing challenge,Rachel Gomez,Romance,1992,3.9
52,De-engineered mobile infrastructure,Jacob Willis,Non-Fiction,2012,2.5
53,Public-key analyzing help-desk,Brandon Mitchell,Fantasy,1993,2.7
54,Integrated 24/7 hub,Anthony Braun,Romance,1915,4.5
55,Customer-focused explicit project,Stacy Williamson,Mystery,1928,2.3
56,Reverse-engineered non-volatile product,Carlos Hernandez,Romance,1921,3.1
57,Self-enabling maximized parallelism,Lisa York,Non-Fiction,1981,3.5
58,Profit-focused context-sensitive workforce,Tracy Evans,Science Fiction,1985,4.8
59,Universal methodical initiative,Felicia Brooks,Fantasy,1901,1.6
60,Intuitive zero-defect utilization,Benjamin Nelson,Fantasy,1930,2.9
61,Synergized multi-tasking data-warehouse,Paul Soto,Fantasy,1984,3.6
62,Optional bi-directional website,Maxwell Butler,Romance,1922,4.6
63,Multi-lateral real-time benchmark,Desiree Hancock,Romance,1911,1.2
64,De-engineered radical matrices,Nicole Rivera,Mystery,1909,2.5
65,Multi-tiered exuding matrix,Carol Rogers,Romance,1982,5.0
66,Adaptive dynamic standardization,Dana Simpson,Fantasy,1916,2.8
67,Decentralized asynchronous contingency,Perry Miller,Romance,1995,1.9
68,Ameliorated leadingedge flexibility,Jennifer Santiago,Romance,1950,3.8
69,Re-engineered radical moderator,Steven Moore,Science Fiction,1979,4.5
70,Diverse demand-driven complexity,Rebecca Smith,Romance,2013,3.1
71,User-friendly client-server strategy,Tina Wells,Mystery,1978,4.6
72,Automated intangible installation,Matthew Hughes,Non-Fiction,1931,1.1
73,Cloned needs-based alliance,Austin Brown,Fantasy,1906,2.9
74,Quality-focused demand-driven budgetary management,Stefanie Ross,Science Fiction,2018,2.1
75,Up-sized background system engine,Nicole Jackson,Science Fiction,1923,2.6
76,Balanced modular architecture,Lance Thomas,Fantasy,1922,4.2
77,Up-sized even-keeled open architecture,Kayla Sullivan,Science Fiction,2014,3.5
78,Multi-layered interactive portal,Matthew Johnson,Romance,1975,4.2
79,Multi-lateral stable strategy,Richard Martinez,Romance,1942,4.9
80,Balanced attitude-oriented data-warehouse,Troy Small,Fantasy,1984,3.1
81,Stand-alone 24/7 implementation,Edward Wade,Fantasy,1919,2.9
82,Horizontal demand-driven portal,Gina Moore,Non-Fiction,1904,2.7
83,Self-enabling uniform firmware,Mark Jackson,Mystery,1946,2.5
84,Distributed fresh-thinking circuit,Yvonne Schwartz,Mystery,1957,2.1
85,Seamless secondary utilization,Daniel Harris,Romance,1976,2.7
86,Quality-focused tertiary utilization,Jason Johnson,Fantasy,2016,3.7
87,Object-based bandwidth-monitored approach,Morgan Miller,Science Fiction,2018,2.0
88,Balanced human-resource concept,Justin Perez,Mystery,1984,3.7
89,Horizontal stable paradigm,Jared Roberts,Fantasy,1976,3.2
90,Seamless bottom-line moratorium,Paula Russell,Romance,1909,3.5
91,Adaptive upward-trending throughput,Diana James,Science Fiction,2019,4.3
92,Up-sized tertiary productivity,Jamie Chambers,Non-Fiction,1985,4.4
93,Profit-focused multi-tasking flexibility,Lisa Young,Romance,1946,4.7
94,Reverse-engineered disintermediate support,Meghan Salinas,Science Fiction,1970,3.4
95,Multi-layered actuating approach,Tiffany Cross,Romance,1969,3.2
96,Synergistic system-worthy hardware,Angela Lopez MD,Romance,1955,3.2
97,Decentralized attitude-oriented circuit,Courtney Smith,Science Fiction,1939,2.4
98,Automated systemic secured line,Lisa Austin,Science Fiction,2017,1.6
99,Optional exuding website,Curtis Lopez,Science Fiction,1973,2.0
100,Persevering bifurcated customer loyalty,Rebecca Hodges,Fantasy,1952,4.2
101,Virtual client-driven functionalities,Laura Garcia,Mystery,1946,4.5
102,Polarized 24hour interface,Dr. Deborah Smith,Romance,1923,3.3
103,Diverse 6thgeneration infrastructure,Rhonda Boyd,Romance,1989,4.6
104,Versatile leadingedge functionalities,Charles Roberts,Non-Fiction,1978,3.3
105,Innovative neutral instruction set,Linda Rodriguez,Romance,1950,3.2
106,Exclusive local monitoring,Monique Johnson,Mystery,1980,4.6
107,Reactive fresh-thinking database,Juan Chan,Fantasy,1963,5.0
108,Automated impactful contingency,Jacqueline Miller,Non-Fiction,1943,3.7
109,Public-key 6thgeneration model,Amy Mendoza,Science Fiction,1917,2.6
110,Progressive web-enabled knowledgebase,Thomas Jennings,Fantasy,1974,2.7
111,Assimilated attitude-oriented database,James Watson,Romance,1925,1.4
112,Versatile responsive strategy,Jason Morgan,Mystery,1944,3.3
113,Function-based exuding moratorium,Priscilla Blankenship,Fantasy,1985,2.3
114,Phased radical policy,Larry Smith,Non-Fiction,1954,2.0
115,Configurable global customer loyalty,Danielle Riggs,Science Fiction,1956,1.1
116,Reverse-engineered multi-tasking software,Lisa Love,Mystery,2000,4.1
117,Persistent demand-driven encryption,Rebecca Watson,Science Fiction,2005,4.7
118,Expanded homogeneous functionalities,Jennifer Moreno DDS,Romance,1968,2.1
119,Universal well-modulated synergy,Robert Collins,Fantasy,1946,2.3
120,Reactive 3rdgeneration emulation,Elizabeth Arnold,Romance,1986,2.0
121,Streamlined non-volatile utilization,Matthew Roach,Non-Fiction,1958,4.1
122,Multi-channeled 6thgeneration moderator,Ashley Scott,Science Fiction,1946,1.7
123,Open-architected holistic portal,John Young,Science Fiction,1946,2.1
124,Polarized content-based orchestration,Margaret Callahan,Non-Fiction,1923,4.1
125,Universal next generation initiative,Meghan Davis,Non-Fiction,1942,3.7
126,Synergized fault-tolerant Internet solution,Vanessa Ferguson,Science Fiction,1948,2.7
127,Business-focused systematic productivity,Kimberly Ramos,Romance,1949,4.4
128,Multi-lateral needs-based conglomeration,Rebecca Medina,Science Fiction,1945,3.7
129,Vision-oriented background framework,Kayla Valencia,Fantasy,1971,3.7
130,Inverse attitude-oriented Local Area Network,Julie Lopez,Fantasy,1989,4.0
131,Cloned grid-enabled policy,Michael Hunter,Science Fiction,1916,4.5
132,User-centric bottom-line workforce,Juan Vance,Mystery,2002,4.1
133,Front-line well-modulated task-force,Jonathan Green,Fantasy,2005,1.5
134,Re-contextualized empowering Local Area Network,Dillon Anderson,Science Fiction,1907,3.3
135,Total contextually-based superstructure,Andre Anderson,Science Fiction,1911,4.4
136,Intuitive executive Graphical User Interface,Kayla Walker,Science Fiction,1990,4.9
137,Focused high-level hardware,Anthony Bennett,Science Fiction,1968,2.6
138,Innovative attitude-oriented hierarchy,Victor Pearson,Fantasy,1977,2.9
139,Diverse clear-thinking projection,Brandy Abbott,Science Fiction,2002,1.9
140,Right-sized hybrid solution,Todd Cameron,Science Fiction,2022,3.3
141,Programmable holistic firmware,Willie Gibson,Mystery,1983,3.9
142,Programmable reciprocal instruction set,Sean Sullivan,Mystery,1937,1.1
143,Versatile actuating pricing structure,William Weaver,Non-Fiction,1914,4.7
144,Decentralized radical approach,Jose Little,Romance,1949,3.0
145,Integrated asynchronous interface,John Clements,Science Fiction,1918,4.3
146,Reduced demand-driven hub,Susan Trujillo,Science Fiction,1936,1.8
147,Multi-channeled next generation Graphic Interface,Steven Cain,Mystery,1953,4.8
148,Switchable hybrid methodology,Linda Davis,Non-Fiction,1914,3.5
149,User-friendly analyzing synergy,Kaitlyn Ellis,Mystery,1977,3.1
150,Fully-configurable exuding standardization,Emma Graham,Mystery,2021,4.6
151,Face-to-face multimedia process improvement,Melissa Smith,Non-Fiction,1964,5.0
152,De-engineered holistic matrix,Christine Myers,Fantasy,1903,3.5
153,Down-sized directional emulation,Valerie Johnson,Mystery,2008,4.4
154,Devolved asynchronous time-frame,Amber Romero,Mystery,1972,1.3
155,Secured zero administration implementation,Dr. Andrew Heath,Non-Fiction,1910,4.7
156,Customizable incremental complexity,Scott Anderson,Romance,1984,1.3
157,User-friendly homogeneous architecture,Paul May,Science Fiction,2011,1.8
158,Assimilated user-facing initiative,Jennifer Miranda,Romance,2003,4.3
159,Self-enabling fresh-thinking knowledge user,Crystal Nelson,Mystery,1931,4.6
160,Customizable 24hour concept,Charles Kirby,Non-Fiction,1922,2.5
161,Persistent asymmetric application,Alicia Nichols,Science Fiction,1932,3.6
162,Centralized high-level project,Louis Calderon,Mystery,1935,3.8
163,Seamless multi-tasking software,Todd Poole,Non-Fiction,1995,1.7
164,Balanced discrete application,Jennifer Morgan,Mystery,1981,2.9
165,Digitized radical conglomeration,George Garcia,Fantasy,1932,2.4
166,Enhanced 4thgeneration strategy,Barry Huang,Romance,1915,1.0
167,Phased regional policy,Julie Clark,Science Fiction,2003,2.7
168,Automated zero administration service-desk,Stanley Wilkerson,Non-Fiction,1932,1.5
169,Diverse mobile core,Denise Byrd,Romance,1920,3.2
170,Optional well-modulated time-frame,Jerry Turner MD,Fantasy,1931,4.3
171,Inverse multi-state benchmark,Christopher Davis,Mystery,2020,1.2
172,Business-focused directional artificial intelligence,Katie Reid,Non-Fiction,1949,2.3
173,Balanced human-resource open architecture,Heather Wilson,Mystery,1985,3.5
174,User-centric didactic model,James Miller,Science Fiction,1991,1.2
175,Re-engineered real-time structure,Christopher Martin,Romance,1907,1.3
176,Re-engineered interactive conglomeration,Ashley Taylor,Non-Fiction,1993,4.4
177,Vision-oriented cohesive model,Luis Davis,Mystery,1947,2.7
178,Upgradable asymmetric Internet solution,Xavier Diaz,Mystery,1995,1.1
179,Up-sized reciprocal website,Michael Peterson,Fantasy,1941,3.2
180,Mandatory 4thgeneration benchmark,Christopher Atkins,Non-Fiction,2005,3.7
181,Organic secondary system engine,Amanda Torres,Mystery,1949,4.2
182,Adaptive solution-oriented capacity,Bonnie Maxwell,Science Fiction,1944,1.1
183,Ameliorated radical solution,Laura Padilla,Fantasy,1933,4.9
184,Vision-oriented heuristic functionalities,Trevor Johnson,Mystery,1926,3.6
185,Balanced system-worthy circuit,Laura Johnson,Mystery,1949,4.7
186,Optional 3rdgeneration parallelism,Monique Beck,Non-Fiction,1933,4.6
187,Multi-lateral contextually-based methodology,Kendra Miller,Mystery,1946,4.8
188,Profound leadingedge hierarchy,Thomas Hunt,Romance,1998,2.9
189,Diverse incremental Local Area Network,Andrew Moore,Fantasy,1935,1.0
190,Re-contextualized transitional artificial intelligence,Gail Roth,Romance,1990,1.6
191,Managed optimizing strategy,Melissa Martinez,Romance,2005,1.9
192,Seamless stable hierarchy,Rebecca Johnson,Science Fiction,1961,3.3
193,Virtual zero tolerance adapter,Mary George,Science Fiction,1993,3.5
194,Upgradable secondary database,Amy Murphy,Science Fiction,1943,3.6
195,Fully-configurable directional help-desk,Janet Cantu,Non-Fiction,1984,4.4
196,Customizable solution-oriented parallelism,Mason Payne,Mystery,1919,3.1
197,Universal demand-driven moratorium,Eric Murray,Fantasy,1985,4.8
198,Assimilated clear-thinking encoding,Susan Jimenez,Romance,1956,4.9
199,Fully-configurable scalable interface,William Hensley,Romance,1919,5.0
200,Monitored secondary interface,Linda Moore,Non-Fiction,2022,4.3
201,Synergized clear-thinking ability,James Delgado,Non-Fiction,2011,2.3
202,Grass-roots human-resource time-frame,April Thomas,Romance,2009,2.6
203,Multi-lateral leadingedge core,Stacey Maldonado,Non-Fiction,1985,3.8
204,Versatile asynchronous budgetary management,Brittany Williams DVM,Non-Fiction,1962,2.1
205,Self-enabling scalable knowledgebase,Tony Rodriguez,Non-Fiction,1900,3.1
206,Compatible attitude-oriented contingency,Alicia Nelson,Science Fiction,2022,1.5
207,Cross-platform contextually-based attitude,Elizabeth Gallagher,Fantasy,2000,4.2
208,Seamless 3rdgeneration help-desk,Desiree Walls,Romance,1943,2.0
209,Persistent optimal conglomeration,Angela Mason,Mystery,2013,1.6
210,Re-contextualized didactic Graphical User Interface,Andrew Austin,Romance,1996,4.8
211,Multi-tiered bandwidth-monitored functionalities,Mr. Robert Owens,Mystery,1949,3.3
212,Synergized transitional complexity,Nathan Smith,Non-Fiction,1926,1.9
213,Centralized fault-tolerant analyzer,Albert Reyes,Fantasy,1956,3.5
214,Optional modular extranet,Blake Stevens Jr.,Romance,1993,3.9
215,Multi-layered disintermediate architecture,Samantha Lynch,Fantasy,1931,1.8
216,Up-sized discrete groupware,Joseph Harrington,Mystery,1960,1.1
217,Phased 24/7 capacity,Douglas Dennis,Romance,2003,4.6
218,Synergized 3rdgeneration hub,Kenneth Jordan,Mystery,1917,3.6
219,Upgradable 5thgeneration strategy,Wayne Lee,Non-Fiction,1933,3.0
220,Business-focused bifurcated throughput,Tina Vincent,Mystery,1961,2.9
221,Multi-tiered non-volatile flexibility,Allison Garcia,Science Fiction,1966,3.4
222,Enhanced impactful middleware,Jessica Brown,Mystery,1996,2.8
223,Multi-lateral client-server portal,Richard Madden,Mystery,1974,1.7
224,Triple-buffered cohesive pricing structure,Jessica Mclaughlin,Mystery,1982,2.1
225,Seamless transitional utilization,Pamela Morrow,Fantasy,1937,4.6
226,Distributed disintermediate middleware,Don Miller,Science Fiction,1961,3.5
227,Fully-configurable analyzing artificial intelligence,Mrs. Tina Price,Science Fiction,2005,3.3
228,Profit-focused tertiary infrastructure,Krista Richards,Mystery,1986,1.0
229,Profit-focused scalable archive,Christopher Graham,Non-Fiction,1904,2.4
230,Synergized background intranet,Jason Peterson,Science Fiction,1938,3.6
231,Re-engineered didactic customer loyalty,William Murphy,Romance,1903,2.6
232,Grass-roots 24/7 process improvement,Jason Smith,Non-Fiction,1950,1.9
233,Self-enabling interactive archive,Steven Davis,Romance,1926,4.8
234,Optimized methodical interface,James Bell,Fantasy,1908,1.4
235,Horizontal homogeneous intranet,William Phillips,Mystery,2017,3.6
236,Implemented clear-thinking flexibility,Michael Morris,Fantasy,1946,2.5
237,Horizontal even-keeled knowledgebase,Thomas Miller,Fantasy,2016,1.1
238,Focused 4thgeneration Graphic Interface,Latoya Carroll,Mystery,1936,4.8
239,Grass-roots global website,Joshua Martinez,Mystery,1909,2.7
240,Streamlined actuating middleware,Thomas Williams,Mystery,1951,2.6
241,Team-oriented system-worthy product,Isaiah Nelson,Non-Fiction,2007,2.1
242,Assimilated coherent leverage,Sherry Walton,Romance,2004,1.3
243,Networked eco-centric orchestration,Steven Arnold,Science Fiction,1938,4.0
244,Public-key methodical secured line,Shelly Johnson,Mystery,1905,3.9
245,Cross-group analyzing application,Cynthia Johnson,Science Fiction,2020,3.4
246,Pre-emptive client-driven functionalities,Kristin Navarro,Science Fiction,1928,3.4
247,Decentralized multimedia info-mediaries,Ronald Daniels,Romance,1969,1.9
248,Operative multimedia time-frame,Martin Sanchez MD,Science Fiction,1925,4.1
249,Enterprise-wide zero tolerance Graphical User Interface,Bradley Smith,Fantasy,2021,2.0
250,Profound uniform array,Justin Pacheco,Science Fiction,1929,3.1
251,Reduced foreground orchestration,Kevin Bartlett,Non-Fiction,1930,4.6
252,Ameliorated homogeneous approach,Austin Dawson,Non-Fiction,1983,4.6
253,Intuitive regional time-frame,Richard Francis,Science Fiction,1942,1.0
254,Phased optimizing website,Patricia Crane,Fantasy,1954,2.7
255,Enterprise-wide motivating matrices,Javier Guzman,Non-Fiction,1988,3.5
256,Synchronized modular Graphic Interface,Lisa Hammond,Fantasy,2004,2.6
257,Synchronized well-modulated open system,Samantha Bender,Fantasy,1975,4.1
258,Innovative object-oriented definition,Brian Gonzales,Non-Fiction,1918,4.7
259,Enhanced mission-critical orchestration,Tim Austin,Non-Fiction,1939,1.7
260,Sharable fault-tolerant budgetary management,Scott Galloway,Fantasy,1925,3.5
261,User-friendly incremental monitoring,Anna Kelly,Non-Fiction,2009,1.2
262,Visionary empowering circuit,Amanda Miller,Science Fiction,2015,1.3
263,Fundamental radical hardware,Ashley Sexton,Non-Fiction,1912,3.4
264,Object-based didactic access,Margaret Moore,Mystery,1978,4.6
265,Mandatory mobile infrastructure,Joyce Anderson,Mystery,1959,4.7
266,Intuitive solution-oriented help-desk,Mr. David Potter,Non-Fiction,2021,3.1
267,Distributed encompassing challenge,Patrick Flores,Mystery,2001,1.2
268,User-friendly even-keeled intranet,Yolanda Hernandez,Romance,1992,2.7
269,Polarized human-resource info-mediaries,Erin Carter,Fantasy,1925,2.3
270,Fully-configurable transitional open system,Kevin Sheppard,Mystery,2013,3.2
271,Virtual heuristic moderator,Christopher Robles,Romance,1916,4.6
272,Exclusive foreground instruction set,Jacob Floyd,Science Fiction,2019,1.5
273,Sharable mobile ability,Charles Howard,Science Fiction,1912,2.5
274,Grass-roots incremental initiative,Christopher Simpson,Non-Fiction,1907,4.1
275,Upgradable high-level contingency,Barbara Oconnor,Non-Fiction,1953,3.3
276,Versatile tangible synergy,Brooke Tapia,Romance,1995,1.2
277,Triple-buffered upward-trending workforce,Katherine Cannon,Science Fiction,1969,3.1
278,Function-based transitional hub,Robert Hill,Non-Fiction,1972,2.2
279,Multi-channeled empowering alliance,Patrick Snyder,Fantasy,1933,2.8
280,Inverse heuristic product,Henry Banks DDS,Non-Fiction,2015,4.3
281,Face-to-face intermediate neural-net,Miranda Schultz,Mystery,1906,4.6
282,Optional needs-based collaboration,Alexandra Thomas,Mystery,1999,1.7
283,Balanced clear-thinking benchmark,Angela Jensen,Mystery,1953,4.4
284,Down-sized dedicated encoding,Julia Kelly,Fantasy,1994,3.3
285,Pre-emptive demand-driven benchmark,Amanda Watkins,Fantasy,1962,3.4
286,Balanced intermediate projection,Eric Jones,Romance,1919,1.3
287,Operative heuristic matrix,Shannon Kaiser,Science Fiction,1905,3.9
288,Sharable static access,Jennifer Contreras,Non-Fiction,1935,1.3
289,Secured multi-state matrix,John Torres,Non-Fiction,1989,1.5
290,Persistent systematic leverage,Tracy Burke,Mystery,1969,4.4
291,Object-based secondary challenge,Dr. Laura Cruz MD,Romance,1988,4.7
292,Right-sized systematic open architecture,Chloe Waters,Science Fiction,1904,1.9
293,Triple-buffered client-server throughput,Marc Carr,Mystery,2007,1.8
294,Up-sized local encoding,Felicia Harrison,Non-Fiction,1935,3.8
295,Visionary fresh-thinking hierarchy,Michelle Bird,Non-Fiction,1995,2.8
296,Profound systemic software,Jordan Schultz,Fantasy,1973,2.1
297,Centralized disintermediate installation,Mr. Brandon Ingram PhD,Fantasy,1923,2.1
298,Decentralized didactic database,Samuel Mueller,Romance,1970,1.5
299,Fully-configurable neutral circuit,Emma Hicks,Mystery,2007,1.6
300,Synergized grid-enabled capability,Eric Savage,Fantasy,2017,1.7
301,Phased next generation firmware,Angela Rivas,Non-Fiction,2000,4.1
302,Optional attitude-oriented adapter,Rickey Roth,Fantasy,2007,2.8
303,Grass-roots content-based orchestration,Allison Nelson,Non-Fiction,2015,2.7
304,Stand-alone actuating matrices,Donna Ward,Fantasy,1971,4.5
305,Fundamental didactic capacity,Victor Young,Non-Fiction,2018,4.1
306,Organized local moderator,Alicia Wells,Fantasy,1982,3.3
307,Universal global pricing structure,Angela Ryan,Science Fiction,2007,4.0
308,Balanced modular data-warehouse,Frank Allen,Science Fiction,1917,3.1
309,Upgradable local superstructure,Jason Reyes,Romance,1957,3.2
310,Horizontal client-server moratorium,Aaron Black,Fantasy,2018,1.1
311,Upgradable didactic implementation,Kathleen Murillo,Non-Fiction,2011,4.1
312,Synergized zero tolerance process improvement,Olivia Johnson,Science Fiction,2019,3.8
313,Up-sized eco-centric complexity,Bryan Smith,Non-Fiction,1906,1.4
314,Centralized even-keeled task-force,Amy Gonzalez,Science Fiction,1920,3.1
315,Sharable actuating forecast,Dustin Chavez,Fantasy,1994,1.3
316,Upgradable coherent throughput,Nicole Miller,Romance,1955,4.6
317,Function-based logistical implementation,Lisa Cook,Mystery,1993,3.0
318,Proactive real-time service-desk,Robin Allen,Non-Fiction,1988,2.8
319,Triple-buffered homogeneous project,Robert Hicks,Mystery,2018,2.1
320,Front-line encompassing firmware,Teresa Brown,Fantasy,1987,2.4
321,Reverse-engineered real-time encryption,Raymond Long,Romance,1916,3.5
322,Reactive optimal encryption,Luis Boone,Fantasy,2005,2.1
323,Profit-focused zero administration model,Richard Welch,Romance,1994,3.6
324,Upgradable intermediate solution,Jordan Smith Jr.,Non-Fiction,1997,1.4
325,Multi-layered asymmetric application,Bradley Wheeler,Fantasy,2021,2.7
326,Stand-alone zero tolerance service-desk,Sergio Ortiz,Science Fiction,1996,3.0
327,Sharable logistical matrix,Briana Lewis,Mystery,1910,4.6
328,Ergonomic exuding contingency,Dalton Anderson,Fantasy,1919,3.4
329,Enterprise-wide dedicated array,Ryan Yoder,Romance,1908,4.0
330,Automated context-sensitive synergy,Corey Wolfe,Non-Fiction,2005,4.9
331,Enterprise-wide tangible system engine,Jason Beasley,Mystery,1983,4.2
332,Advanced explicit migration,Zachary Mcclain,Fantasy,1905,4.2
333,Adaptive incremental pricing structure,Elizabeth Walker,Mystery,1930,4.2
334,Realigned analyzing Graphic Interface,Ms. Rhonda Love,Romance,1981,3.5
335,Function-based zero-defect capacity,Diana Jimenez,Mystery,1996,3.8
336,Extended upward-trending process improvement,Brittany Roberts,Science Fiction,1936,2.2
337,Business-focused neutral website,Daniel Beasley,Non-Fiction,2016,2.3
338,Programmable systematic approach,Elizabeth Rogers,Science Fiction,1915,4.6
339,Multi-channeled contextually-based artificial intelligence,Calvin Jones,Fantasy,1915,4.0
340,Secured 24hour access,Jessica Humphrey,Science Fiction,1976,1.2
341,Exclusive 24hour superstructure,David Berger,Mystery,1994,2.6
342,Right-sized multimedia migration,Christina Calderon,Fantasy,1970,4.2
343,Upgradable disintermediate matrices,Brian Huynh,Mystery,1912,2.4
344,Persevering bandwidth-monitored attitude,Stephanie Huffman,Science Fiction,1972,1.7
345,Multi-tiered executive knowledgebase,Anthony Rodriguez,Science Fiction,1950,1.1
346,Automated fresh-thinking task-force,Sandra Irwin,Science Fiction,1991,3.4
347,Stand-alone interactive hardware,Sandra Mendez,Fantasy,1967,1.9
348,Managed client-server application,Jessica Hernandez,Science Fiction,1923,4.9
349,Pre-emptive well-modulated initiative,Aaron Madden,Science Fiction,1951,4.1
350,Organized didactic open architecture,Dillon Rose,Science Fiction,1941,1.9
351,Persevering demand-driven strategy,Adam Valencia,Non-Fiction,1961,2.9
352,Visionary maximized product,George Watts,Non-Fiction,1982,3.1
353,Realigned 4thgeneration secured line,Molly Alexander,Romance,1914,1.7
354,User-centric responsive protocol,Ryan Hood,Science Fiction,1949,1.0
355,Automated composite time-frame,Alexander Ray,Non-Fiction,1937,1.1
356,Function-based foreground definition,Gregory Smith,Romance,1972,3.8
357,Seamless 3rdgeneration parallelism,Jeffrey Owens,Non-Fiction,1964,2.7
358,Seamless 24hour secured line,Heather Morales,Romance,1998,2.2
359,Synergized content-based open system,Matthew Noble,Romance,2003,1.1
360,Centralized zero administration function,David Wolf,Science Fiction,1919,1.4
361,Decentralized system-worthy architecture,Sarah Jenkins,Fantasy,1933,4.8
362,Operative intangible monitoring,Vincent Hamilton,Non-Fiction,1927,4.1
363,Organic global superstructure,Wesley Gonzalez,Non-Fiction,1998,4.8
364,Enhanced mission-critical adapter,Victor Cummings,Mystery,1940,2.4
365,Pre-emptive upward-trending open system,Kelly Baker,Fantasy,1980,2.4
366,Assimilated contextually-based matrix,Adam Love,Science Fiction,1907,2.8
367,Versatile regional access,Mario Morrow,Science Fiction,1974,2.1
368,Inverse next generation implementation,George Friedman,Romance,1998,4.0
369,Robust user-facing algorithm,Sonya Robles,Science Fiction,1990,4.8
370,Customer-focused optimizing software,Jessica Baker,Mystery,1957,4.4
371,Horizontal attitude-oriented hardware,Diane Jones,Mystery,2009,3.1
372,Inverse 24hour attitude,Rebecca Gilmore,Non-Fiction,1994,3.9
373,Profit-focused non-volatile task-force,Edward Knight,Science Fiction,1955,4.5
374,Automated static toolset,Charles West,Science Fiction,1933,4.5
375,Inverse dynamic groupware,Kathleen Barker,Science Fiction,1950,3.9
376,Business-focused client-driven access,Mark Gutierrez,Non-Fiction,1950,3.8
377,Managed modular solution,Alexander Watson,Mystery,1997,3.9
378,Decentralized hybrid software,Samantha Taylor,Science Fiction,1909,1.9
379,Team-oriented neutral website,Molly Poole,Non-Fiction,1994,3.6
380,Enterprise-wide grid-enabled groupware,Mr. Joshua Gonzales,Mystery,1983,4.4
381,Reactive regional infrastructure,Jeanne Garcia,Science Fiction,2006,2.8
382,Robust global leverage,Sherri Roberts,Romance,1968,4.9
383,Reactive holistic system engine,David Mendez,Non-Fiction,1938,2.4
384,Assimilated clear-thinking budgetary management,George Moyer,Non-Fiction,1940,2.2
385,Seamless systemic array,Brian Montgomery,Mystery,1904,4.9
386,Diverse needs-based customer loyalty,Henry Nguyen,Fantasy,2006,3.0
387,Synergized interactive extranet,Jason Morrison,Science Fiction,1931,4.3
388,Mandatory mobile application,Sarah Wall,Science Fiction,1937,1.2
389,Function-based context-sensitive orchestration,Ryan Wood,Fantasy,1919,2.0
390,Face-to-face 24/7 neural-net,Brent Mathews,Mystery,1945,2.4
391,Optimized mission-critical challenge,Janice Johnson,Fantasy,2017,3.6
392,Down-sized maximized array,Tammy Ayers,Non-Fiction,1951,4.6
393,Persevering mission-critical functionalities,Samantha Hicks,Romance,1943,2.8
394,Optional content-based capability,Jacqueline Rogers,Romance,1973,3.6
395,Future-proofed foreground customer loyalty,Anthony Chambers,Romance,1946,2.5
396,Business-focused uniform core,William Porter,Romance,1963,2.7
397,Grass-roots mission-critical website,Mr. Brian Miller,Science Fiction,1959,3.5
398,Advanced zero tolerance definition,Charles Andrade,Mystery,1965,3.5
399,Self-enabling upward-trending utilization,Ronald Brown,Mystery,1989,4.7
400,Cloned high-level customer loyalty,Dana Gonzalez,Fantasy,1914,2.0
401,Automated even-keeled contingency,Sheri Sweeney,Mystery,1977,1.3
402,Cross-group disintermediate structure,Thomas Miller,Non-Fiction,1990,4.9
403,Compatible asynchronous matrix,Kerry Reilly,Non-Fiction,1927,4.0
404,Right-sized multi-tasking focus group,Renee Soto,Mystery,1955,2.7
405,Synergized cohesive moratorium,Anthony Flores,Fantasy,1947,4.1
406,Centralized directional knowledgebase,Angela Patterson,Non-Fiction,1999,3.2
407,Future-proofed high-level definition,James Alvarez,Fantasy,1980,4.3
408,Pre-emptive tangible open system,Alexander Smith,Romance,2020,1.8
409,Devolved background hierarchy,Elijah Bailey,Science Fiction,2013,4.8
410,Phased fault-tolerant function,Kenneth Roach,Romance,1930,3.9
411,Assimilated high-level analyzer,Tammy Willis,Non-Fiction,1934,4.3
412,Networked 4thgeneration function,Dr. Kelly Phillips,Fantasy,1973,4.4
413,Multi-layered fault-tolerant middleware,Lori Ortiz,Fantasy,2000,2.6
414,Sharable 5thgeneration project,Wanda Fernandez,Mystery,1996,3.2
415,Business-focused non-volatile methodology,Veronica Perkins,Fantasy,2021,4.7
416,Open-source next generation hub,William Chen,Romance,1959,3.8
417,Public-key context-sensitive utilization,Dorothy Bright,Non-Fiction,1956,1.4
418,De-engineered actuating analyzer,Caroline Lopez,Science Fiction,2012,1.6
419,Sharable national function,Devin Becker,Mystery,1958,2.8
420,Quality-focused incremental adapter,Randy Briggs,Non-Fiction,2000,4.5
421,Fully-configurable explicit knowledgebase,Brandon English,Non-Fiction,1946,4.7
422,Polarized tertiary alliance,Michael Williams,Romance,1994,3.2
423,Ergonomic user-facing superstructure,Emily Bryant,Mystery,1929,3.5
424,Re-engineered methodical orchestration,Amy Baker,Romance,1961,1.7
425,Open-source foreground projection,Gregory Liu,Mystery,2020,2.9
426,Up-sized local concept,Emily Baldwin,Science Fiction,1996,3.6
427,Focused responsive approach,Connie Frost,Non-Fiction,2018,4.9
428,Self-enabling logistical solution,Mark Strickland,Science Fiction,2015,2.9
429,Centralized neutral migration,Dakota Perez,Fantasy,1974,2.2
430,Distributed dynamic orchestration,Richard Williams,Romance,2001,4.9
431,Profit-focused global parallelism,Brandon Lam,Non-Fiction,1952,2.2
432,Virtual executive projection,William Castaneda,Mystery,1925,2.3
433,Adaptive methodical support,Sharon Anderson,Science Fiction,1933,3.9
434,Pre-emptive composite collaboration,Paul Drake,Mystery,1931,2.9
435,Innovative holistic flexibility,Brett Walker DVM,Fantasy,1969,3.4
436,Networked composite project,Alexander Wagner,Science Fiction,1985,4.8
437,Persistent intermediate projection,Michael Pitts,Non-Fiction,1971,2.8
438,Assimilated actuating hub,Erin Ortega,Fantasy,1950,1.4
439,Networked exuding system engine,Kayla Hernandez,Fantasy,1966,5.0
440,Digitized impactful neural-net,Ebony Williams,Mystery,1928,3.2
441,Multi-channeled multimedia circuit,Annette Hampton,Non-Fiction,1995,4.3
442,Multi-lateral responsive intranet,Nicholas Burke,Science Fiction,1902,3.4
443,Implemented client-driven encryption,Karen Leonard,Science Fiction,1991,1.0
444,Automated multi-state system engine,Ronald Anderson,Mystery,1934,1.8
445,Vision-oriented incremental moratorium,Nicole Mack,Mystery,2020,1.4
446,Customer-focused hybrid framework,Angela Sims,Mystery,1999,1.4
447,Distributed zero-defect middleware,Rachel Walker MD,Romance,2014,1.2
448,Extended radical standardization,Jared Harvey,Mystery,1941,1.4
449,Extended 5thgeneration superstructure,Michael Andrews,Non-Fiction,1968,2.6
450,Proactive analyzing implementation,Richard David,Romance,1906,4.1
451,Stand-alone motivating firmware,Steven Taylor,Science Fiction,1984,2.7
452,Front-line value-added methodology,Sarah Schroeder,Non-Fiction,1904,3.8
453,Realigned systematic pricing structure,Charles Gallagher,Fantasy,1928,1.2
454,Robust optimal definition,Deanna Richard,Non-Fiction,2013,3.1
455,Sharable dedicated process improvement,Cole Owens,Romance,1933,2.6
456,Stand-alone holistic functionalities,Anthony Wright,Mystery,1982,3.1
457,Secured coherent matrices,Vanessa Singleton,Fantasy,1935,1.9
458,Business-focused maximized Internet solution,Kathleen Lowery,Mystery,1989,4.2
459,Cloned 24/7 implementation,Monica Wilson,Non-Fiction,2011,2.4
460,Inverse systemic algorithm,Dr. Maria Brown,Science Fiction,1946,1.7
461,Grass-roots content-based matrix,Aaron Smith,Science Fiction,1970,4.7
462,Secured 6thgeneration circuit,Joshua Roberts,Non-Fiction,2014,4.8
463,Face-to-face interactive throughput,Hannah Henderson,Fantasy,1905,4.3
464,Extended coherent open architecture,Natalie Rios,Romance,2018,3.9
465,Assimilated executive synergy,Craig Decker,Romance,1959,3.6
466,Open-source web-enabled process improvement,Isaiah Todd,Non-Fiction,1984,4.9
467,Managed intermediate hierarchy,Marvin Spence,Fantasy,1963,1.8
468,Future-proofed scalable utilization,Anne Thompson,Science Fiction,2014,4.0
469,User-friendly logistical knowledge user,Andrew Goodwin,Science Fiction,2006,4.7
470,Optimized next generation encoding,Victoria Sutton,Non-Fiction,1994,1.7
471,Persistent motivating attitude,Sean Garza,Romance,1963,4.3
472,Profit-focused demand-driven array,Erik Kim,Non-Fiction,1903,1.8
473,Synergistic multi-state interface,Jade Moore,Romance,1906,2.0
474,Future-proofed global parallelism,Frank Garcia,Mystery,1904,3.2
475,Automated maximized conglomeration,Jennifer Porter,Non-Fiction,1909,3.9
476,Ameliorated actuating monitoring,Gloria Johnson,Science Fiction,1913,3.0
477,Secured zero administration info-mediaries,Michelle Cruz,Fantasy,2017,2.2
478,Upgradable tangible installation,Jill Keith,Science Fiction,1964,4.8
479,Switchable attitude-oriented framework,Sean Sims,Romance,1958,3.8
480,Digitized national productivity,Dr. Maria Beasley PhD,Non-Fiction,1995,3.2
481,Organic directional matrix,Heather Fuentes,Mystery,2009,4.2
482,Monitored holistic archive,Laura Wagner,Mystery,1993,3.8
483,Right-sized asymmetric flexibility,Aaron Hall,Mystery,1976,1.4
484,Inverse fresh-thinking challenge,Shane Smith,Science Fiction,2010,3.1
485,Persevering heuristic hierarchy,Edward Carpenter,Fantasy,1909,3.4
486,Exclusive systematic throughput,Carrie Daniel,Mystery,2004,4.4
487,Quality-focused scalable toolset,Michael Turner,Mystery,1989,3.7
488,Up-sized didactic intranet,Pam Bond,Mystery,1952,3.7
489,Assimilated context-sensitive capability,Michelle Chavez,Science Fiction,1992,4.3
490,Reactive even-keeled moderator,Joe Campbell,Fantasy,1912,2.9
491,Operative zero tolerance software,James Mejia,Science Fiction,2000,1.7
492,Innovative uniform help-desk,Jessica Larsen,Romance,1948,1.1
493,Public-key tertiary initiative,Mark Graham,Non-Fiction,2007,1.5
494,Realigned didactic contingency,Emily Rodriguez,Non-Fiction,2006,2.6
495,Adaptive stable encoding,Derrick Scott,Fantasy,1962,3.1
496,Innovative bottom-line initiative,William Johnson,Romance,1920,3.0
497,Face-to-face demand-driven flexibility,Zachary Montgomery,Fantasy,2022,3.6
498,Upgradable high-level parallelism,Chelsea Hall,Science Fiction,1923,3.4
499,Monitored zero administration benchmark,Melissa Wood,Non-Fiction,2002,1.4
500,Enhanced executive application,Meghan Jones,Romance,2009,3.6
501,Networked regional budgetary management,Amanda Johnson,Mystery,1902,4.5
502,Configurable next generation website,Jessica Henry,Science Fiction,1992,4.8
503,Customizable grid-enabled instruction set,James Murray,Romance,1951,4.9
504,Organic didactic service-desk,Linda Torres,Fantasy,2002,4.1
505,Optional regional interface,William Nelson,Fantasy,1920,4.8
506,Customizable mission-critical hardware,Jesse King,Romance,2002,1.8
507,Phased local superstructure,Laura Willis,Mystery,1971,5.0
508,Diverse asynchronous project,Timothy Gonzalez,Non-Fiction,2011,4.0
509,Self-enabling eco-centric Graphical User Interface,Christine Anderson,Science Fiction,1998,2.6
510,Self-enabling encompassing service-desk,Eddie Russo,Fantasy,1957,1.7
511,Optimized solution-oriented flexibility,Jeffrey Bailey,Non-Fiction,2022,2.4
512,Progressive coherent synergy,Steven Bell MD,Romance,2000,3.0
513,Persevering hybrid array,Phillip Hughes,Science Fiction,1969,2.8
514,Right-sized grid-enabled implementation,Kyle Massey,Romance,1949,2.5
515,Programmable encompassing time-frame,Alison Castillo,Non-Fiction,2020,2.6
516,Inverse directional moratorium,Kyle Miller,Science Fiction,1905,3.3
517,Down-sized national task-force,Sarah Boyd,Mystery,1953,4.9
518,Robust asymmetric website,Melissa Moore,Romance,2015,1.8
519,Multi-lateral asynchronous Internet solution,Valerie Bryan,Science Fiction,1943,1.4
520,Advanced holistic database,Casey Stephenson,Science Fiction,2009,3.9
521,Fully-configurable intermediate interface,Jimmy Blair,Fantasy,1906,2.9
522,Upgradable asymmetric time-frame,Mary Allen,Science Fiction,1964,4.4
523,Business-focused intangible collaboration,Lori Lewis,Non-Fiction,1984,3.7
524,Down-sized composite projection,Whitney Anderson,Romance,1992,1.3
525,Synergized full-range open architecture,Taylor Clark,Mystery,1932,1.2
526,Cloned value-added methodology,Steven Watkins,Fantasy,2019,3.0
527,Expanded demand-driven contingency,Jennifer Brooks,Mystery,1944,4.0
528,Virtual executive success,Ashley Delgado,Fantasy,2016,3.2
529,Robust context-sensitive Internet solution,Jacob Thomas,Mystery,1916,4.9
530,Compatible systemic emulation,Nicole Santiago,Fantasy,1954,1.1
531,Robust next generation website,Terry Goodman,Mystery,1955,1.1
532,Decentralized attitude-oriented service-desk,Nicole Trujillo,Mystery,1912,1.5
533,Function-based human-resource structure,Derek Smith,Non-Fiction,1999,3.4
534,Secured executive customer loyalty,Mark Buchanan,Fantasy,1907,4.9
535,Adaptive fault-tolerant array,Lonnie Sheppard DVM,Non-Fiction,1944,4.4
536,Reverse-engineered incremental methodology,Tamara Martinez,Mystery,1985,1.2
537,Implemented cohesive strategy,Shaun Williams,Fantasy,1903,2.2
538,Front-line bifurcated strategy,Devin Taylor,Fantasy,2012,4.3
539,Object-based asymmetric software,Deanna Lopez,Non-Fiction,1959,2.8
540,Implemented interactive matrices,George Phelps,Fantasy,1954,4.1
541,Exclusive exuding knowledgebase,Nathan Gonzalez,Non-Fiction,1920,3.3
542,Balanced 5thgeneration workforce,Rebecca Garcia,Science Fiction,1942,1.9
543,Centralized disintermediate strategy,Pamela Mckenzie,Fantasy,1979,1.7
544,Seamless didactic workforce,Leslie Parker,Non-Fiction,2016,4.3
545,Re-contextualized transitional service-desk,Ricardo Harris MD,Fantasy,1911,2.0
546,De-engineered clear-thinking moderator,Charles Williams,Science Fiction,1963,3.1
547,Upgradable 4thgeneration ability,Jeremy Hartman,Non-Fiction,1923,4.6
548,Sharable intermediate open system,Jeffery Wilkinson,Romance,1953,4.4
549,Multi-channeled static Local Area Network,Stacie Ross,Science Fiction,1940,2.6
550,Managed context-sensitive secured line,Richard Hutchinson,Fantasy,1939,2.4
551,Customizable local encryption,Whitney Lewis,Romance,1921,2.4
552,Focused content-based budgetary management,Erika Johnson,Science Fiction,1902,3.1
553,Synchronized composite ability,Alexander Fuller,Science Fiction,1993,3.2
554,Re-engineered directional Internet solution,Mr. Wayne Ward,Science Fiction,1959,2.0
555,Polarized neutral instruction set,Richard Smith,Mystery,2000,3.1
556,Digitized stable contingency,Jerry Turner,Non-Fiction,1991,3.6
557,Optimized client-driven access,Aaron Lee,Romance,2003,1.3
558,Innovative multimedia moratorium,Grant Hutchinson,Mystery,1995,1.5
559,Optimized composite leverage,Aaron Smith,Mystery,1935,4.9
560,Distributed even-keeled encryption,Donna Conner,Mystery,1986,2.1
561,Team-oriented executive concept,William Jackson DDS,Science Fiction,1970,2.6
562,Synchronized client-server database,Joseph Jones,Romance,1970,4.0
563,Fundamental multimedia hardware,Haley Burke,Science Fiction,1942,4.2
564,Expanded web-enabled array,John Macdonald,Romance,1967,3.5
565,Total 24hour portal,Brandon Hill,Science Fiction,1963,2.4
566,Persistent tertiary hub,Joseph Scott,Science Fiction,1941,3.5
567,Persevering mobile knowledge user,Darlene Thomas,Non-Fiction,1958,4.2
568,Synergistic client-server circuit,Elizabeth Cooper,Fantasy,1997,2.3
569,Cloned even-keeled Internet solution,Christopher Simmons,Non-Fiction,2000,4.1
570,Multi-lateral needs-based function,Cynthia Davila,Fantasy,1901,4.3
571,Customer-focused scalable frame,Valerie Lee,Mystery,1967,2.7
572,Up-sized web-enabled forecast,Mark Johnson,Romance,1907,4.0
573,Programmable encompassing definition,Nancy Kirby,Science Fiction,1923,4.7
574,Seamless intangible access,Denise Rice,Romance,2018,1.1
575,Public-key global artificial intelligence,Lindsey Steele,Mystery,1948,4.0
576,Realigned intangible encryption,Maria Sanchez MD,Romance,1910,3.4
577,Team-oriented 5thgeneration utilization,Mike Frey,Fantasy,1913,3.9
578,Implemented exuding flexibility,Alyssa Meyers,Science Fiction,1907,2.0
579,Ergonomic grid-enabled toolset,Patrick Smith,Non-Fiction,2000,3.6
580,Distributed zero-defect knowledgebase,Jessica Mccullough,Non-Fiction,1983,4.5
581,Function-based user-facing encryption,Patrick Caldwell,Science Fiction,1965,1.7
582,Switchable scalable collaboration,Sandra Ayala,Science Fiction,1982,2.8
583,Multi-lateral tertiary Internet solution,Joseph Reed V,Science Fiction,2008,2.5
584,Extended bottom-line definition,Joseph Martin MD,Mystery,2019,3.9
585,Robust optimal architecture,Jeffrey Chang,Non-Fiction,1948,4.4
586,User-friendly content-based Local Area Network,Anthony Bennett,Science Fiction,1991,4.5
587,Compatible multimedia open system,Alan Mcdonald,Romance,1955,3.1
588,Organic logistical artificial intelligence,Susan Lopez,Romance,2017,4.0
589,Multi-tiered zero tolerance toolset,Julie Day,Romance,1910,4.0
590,Stand-alone heuristic contingency,Jesse Martin,Science Fiction,2004,3.2
591,Reduced value-added productivity,Michelle Blackburn,Fantasy,2021,3.2
592,Upgradable global forecast,Sabrina Wilson,Science Fiction,1980,4.4
593,Business-focused logistical benchmark,Angela Flynn,Science Fiction,1940,1.8
594,Enhanced client-driven data-warehouse,Debra Romero,Fantasy,1947,4.4
595,Focused intermediate neural-net,Kimberly Rangel,Science Fiction,1935,5.0
596,Quality-focused coherent system engine,Melinda Morgan,Romance,1977,3.2
597,Team-oriented high-level interface,Daniel Moore,Romance,1906,1.2
598,Robust mission-critical structure,Lori Mccarthy,Science Fiction,2012,4.0
599,Reactive cohesive neural-net,Paul Carson,Science Fiction,1934,3.5
600,Reverse-engineered 24/7 extranet,Matthew Williams,Science Fiction,1972,2.8
601,Self-enabling zero-defect alliance,Jeffrey Williams,Non-Fiction,2005,4.7
602,Enterprise-wide context-sensitive parallelism,Daniel Yates,Non-Fiction,1934,1.4
603,Advanced zero-defect core,Michael Keller,Romance,2007,2.7
604,Versatile multimedia approach,Gregory Davis,Non-Fiction,2012,4.2
605,Customer-focused homogeneous strategy,Debbie Boone,Non-Fiction,1971,3.2
606,Reverse-engineered zero tolerance middleware,Megan Lewis,Non-Fiction,1937,3.3
607,Ameliorated client-driven benchmark,Nicholas Mccarty,Fantasy,1932,4.2
608,Enhanced didactic framework,Tamara Hill,Science Fiction,1914,1.2
609,Configurable solution-oriented challenge,Kevin Barnett,Fantasy,1941,2.9
610,Monitored context-sensitive moratorium,Lindsey Kelly,Fantasy,2017,3.2
611,Total empowering collaboration,Frank Reese,Romance,1932,3.8
612,Expanded regional challenge,Jacob Oconnor,Non-Fiction,1910,4.3
613,Right-sized grid-enabled capability,Veronica Davis,Non-Fiction,2017,3.3
614,Versatile needs-based secured line,Wendy Crawford,Fantasy,1911,1.1
615,Configurable encompassing policy,Daniel Castro,Fantasy,1987,1.7
616,Reactive optimizing firmware,Morgan Miller,Mystery,1969,3.7
617,Realigned local database,Michael Robinson,Romance,1954,4.0
618,Operative tertiary structure,Paul Prince,Non-Fiction,1929,3.0
619,Fundamental motivating adapter,Denise Torres,Romance,1961,1.6
620,Right-sized 4thgeneration encryption,Susan Wong,Mystery,1913,4.8
621,Compatible bifurcated system engine,Rodney Beasley,Fantasy,1971,3.4
622,Future-proofed optimizing parallelism,Ryan Hodges,Mystery,1942,3.0
623,Extended multimedia ability,Paige Lewis,Fantasy,1930,2.2
624,Grass-roots zero administration paradigm,Brittany Cummings,Non-Fiction,1943,4.1
625,Right-sized leadingedge initiative,Michael Shea,Mystery,1972,1.4
626,Public-key motivating customer loyalty,Paul Mitchell,Fantasy,2016,4.0
627,Re-engineered client-driven software,Amanda Mayo,Non-Fiction,2005,4.6
628,Profound global frame,Alexander Johnson,Science Fiction,1940,3.0
629,Seamless disintermediate ability,Cynthia Williams,Mystery,1921,3.0
630,Enhanced multi-tasking intranet,Rachel Arnold,Mystery,1962,5.0
631,Reduced optimizing infrastructure,Anthony Foster,Romance,2022,2.3
632,Expanded holistic extranet,Kelly Johnson,Non-Fiction,1957,2.5
633,Horizontal leadingedge solution,Ronald Torres,Non-Fiction,1940,2.2
634,Self-enabling bi-directional moderator,Chelsea Robinson,Fantasy,1971,3.1
635,Total composite utilization,Phillip George,Science Fiction,1918,3.3
636,Enhanced uniform open system,Jonathan Sanders,Romance,1929,4.1
637,Business-focused value-added firmware,Michael Lloyd,Non-Fiction,1999,4.9
638,Balanced object-oriented neural-net,Alyssa Jackson,Science Fiction,1970,4.7
639,Switchable interactive encoding,Erin Torres,Fantasy,2007,4.5
640,Re-engineered analyzing solution,Stephen Bennett,Science Fiction,1920,4.5
641,Diverse impactful success,Cameron Lin,Non-Fiction,2010,4.0
642,Managed eco-centric matrices,Jennifer Scott,Non-Fiction,1914,2.5
643,Re-engineered exuding encoding,Ashley Hubbard,Non-Fiction,1988,1.8
644,Expanded user-facing methodology,Brittany Medina,Romance,2001,4.3
645,Object-based attitude-oriented software,Sharon Wells,Mystery,1978,2.4
646,Robust bottom-line interface,Rebecca Myers,Science Fiction,1956,2.8
647,Focused asynchronous success,Brandi Holland,Mystery,1951,1.4
648,Persevering modular initiative,Thomas Nielsen,Fantasy,1959,1.5
649,Secured multimedia success,Katie Bennett,Science Fiction,1905,4.6
650,Distributed multi-state forecast,David Perez,Science Fiction,2005,3.2
651,Multi-lateral next generation process improvement,Robert Moore,Science Fiction,1926,4.5
652,Advanced fresh-thinking analyzer,Gwendolyn Brooks,Non-Fiction,1938,2.0
653,Centralized leadingedge neural-net,Robert Sanchez,Non-Fiction,2021,1.1
654,Business-focused client-server migration,Elizabeth Moyer,Mystery,2003,1.6
655,Re-contextualized zero tolerance attitude,Jesse Hanson,Science Fiction,1902,3.7
656,Streamlined reciprocal time-frame,Scott Bradley,Non-Fiction,2002,1.4
657,User-centric radical toolset,Jose Porter,Non-Fiction,1985,4.8
658,Synergized 24hour synergy,Anthony Mcmillan,Fantasy,2013,4.4
659,Right-sized systemic parallelism,Louis Morgan,Non-Fiction,1982,3.9
660,Implemented tertiary solution,Bobby Carpenter,Science Fiction,1997,4.0
661,Customizable exuding open architecture,Michael Miller,Romance,1988,2.4
662,Robust regional instruction set,Jasmine Sullivan,Science Fiction,1971,2.6
663,Profound responsive matrices,Maria Hicks,Mystery,1994,2.9
664,Versatile clear-thinking infrastructure,Meagan Coleman,Non-Fiction,1923,3.6
665,Cross-group high-level analyzer,Ronald Gordon,Non-Fiction,1926,4.2
666,Re-engineered 24/7 time-frame,Mark Jones,Non-Fiction,1919,4.6
667,Diverse encompassing core,Nicole Green,Fantasy,1948,2.8
668,Reduced cohesive task-force,Gail Wheeler,Romance,1973,1.4
669,Balanced background toolset,Patricia Brown,Mystery,1976,3.2
670,Re-contextualized tangible Internet solution,Benjamin Carpenter,Fantasy,1926,1.9
671,Fully-configurable interactive budgetary management,Todd Owens,Fantasy,2000,1.8
672,Diverse stable circuit,Kevin Robertson,Non-Fiction,1939,1.8
673,Triple-buffered well-modulated framework,Duane Garrison,Romance,1936,4.9
674,Organic static application,Nancy Ryan,Non-Fiction,1974,2.1
675,Re-engineered responsive model,Wendy Myers,Non-Fiction,2001,1.9
676,Intuitive national throughput,Lisa Rose,Romance,1926,1.9
677,Assimilated full-range Graphical User Interface,Matthew Simpson,Science Fiction,1940,2.2
678,Reverse-engineered fault-tolerant strategy,Pamela Hartman,Mystery,1955,3.6
679,Public-key multi-state orchestration,Linda Figueroa,Romance,2012,4.1
680,Multi-layered discrete function,Philip Williams,Romance,1904,3.9
681,Upgradable fresh-thinking workforce,Jon Reynolds,Non-Fiction,1944,4.5
682,Switchable background migration,Wendy Sutton,Fantasy,1919,3.2
683,Exclusive multi-tasking complexity,Nicholas Berry,Non-Fiction,1951,3.7
684,Adaptive reciprocal throughput,Timothy Stephenson,Mystery,1941,4.9
685,Compatible mission-critical knowledgebase,Karen Ali,Romance,1987,4.4
686,Innovative neutral budgetary management,Frank Roberts,Non-Fiction,1903,4.2
687,Optional multi-tasking algorithm,Whitney Hart,Fantasy,1901,4.1
688,Customer-focused secondary forecast,Melanie Hansen,Romance,1949,2.2
689,Inverse 24/7 moderator,Michael Tran,Science Fiction,1915,3.5
690,Virtual directional toolset,Alice Boyd MD,Fantasy,1948,1.2
691,Fundamental tertiary frame,Shane King,Mystery,1974,4.6
692,Managed scalable encoding,Todd Hernandez,Mystery,1998,3.1
693,Centralized multi-state time-frame,Christopher James,Fantasy,1905,3.7
694,Horizontal value-added open architecture,Thomas Garcia,Non-Fiction,2012,3.6
695,Quality-focused demand-driven process improvement,Shawn Santana,Non-Fiction,1950,4.6
696,Switchable modular Graphical User Interface,Paul Cortez,Non-Fiction,1988,4.7
697,Compatible context-sensitive model,Mr. Andrew Nicholson,Romance,1942,1.2
698,Managed local alliance,Nicole Bailey,Romance,1977,2.7
699,Profound context-sensitive attitude,Andrea Jones,Science Fiction,1957,4.1
700,Down-sized reciprocal instruction set,Christopher Fisher,Romance,2002,3.9
701,Down-sized 5thgeneration strategy,Tommy Barker,Fantasy,1927,1.2
702,Organic upward-trending matrices,Nathan Mata,Mystery,1943,1.8
703,Ergonomic upward-trending portal,Bradley Anderson,Non-Fiction,1916,4.3
704,Ergonomic methodical middleware,Scott Hull,Romance,1981,1.9
705,Organic client-server forecast,Samantha Hernandez,Romance,1951,2.1
706,Multi-layered grid-enabled forecast,Jerry Klein,Non-Fiction,2004,3.8
707,Synergistic bi-directional strategy,Danielle Ingram,Science Fiction,1998,3.1
708,Future-proofed client-server analyzer,Joseph Maxwell,Fantasy,1953,2.3
709,Assimilated encompassing capacity,Donna Garcia,Non-Fiction,1965,1.9
710,Universal zero-defect methodology,Eric Oconnell,Science Fiction,2015,4.3
711,Public-key real-time archive,Kayla Nunez,Science Fiction,1905,2.7
712,Horizontal client-driven implementation,Sandra Crosby,Fantasy,1999,3.9
713,Realigned intangible open system,Benjamin Smith,Science Fiction,2004,4.2
714,Expanded value-added website,Ashley Sheppard,Fantasy,2005,4.6
715,Extended real-time paradigm,Dr. Michelle Walker,Mystery,1903,1.3
716,Triple-buffered radical open system,Justin Bell,Mystery,1936,3.1
717,Compatible zero administration orchestration,Nicholas Pope,Romance,1924,1.7
718,Switchable systematic encoding,Jeremy Barton,Mystery,1998,1.6
719,Cloned interactive project,Christopher Bowman,Mystery,1979,3.0
720,Vision-oriented static array,Terry Allen,Romance,1997,3.6
721,Enterprise-wide maximized collaboration,Matthew Casey Jr.,Fantasy,1947,4.8
722,Expanded non-volatile open system,Glen Patterson,Fantasy,2018,2.6
723,Optimized composite matrix,Courtney Davis,Fantasy,1957,2.1
724,Public-key tertiary synergy,Crystal Vasquez,Science Fiction,1982,2.0
725,Integrated national monitoring,Shane French,Mystery,2011,2.0
726,Polarized next generation adapter,Jose Norman,Non-Fiction,1973,2.6
727,Reactive 24hour analyzer,Sarah Young,Romance,1955,4.5
728,Open-source asymmetric budgetary management,Jerry Larsen,Fantasy,1978,1.5
729,Secured explicit moderator,Rachel Jackson,Fantasy,1985,1.0
730,Multi-tiered client-driven approach,Diana Carter,Romance,1963,1.6
731,Universal solution-oriented portal,Laurie Wheeler,Romance,1930,1.7
732,Exclusive composite protocol,Dawn Brown,Romance,1925,3.2
733,Sharable exuding archive,Rachael Ayala,Mystery,1994,1.3
734,Assimilated asymmetric benchmark,Hayden Hart,Fantasy,1965,1.4
735,Centralized user-facing frame,Renee Morgan,Romance,1924,2.2
736,Fundamental leadingedge application,Katrina Hebert,Non-Fiction,1942,3.1
737,Secured upward-trending conglomeration,James Hunt,Mystery,2009,3.6
738,Ergonomic bandwidth-monitored open architecture,Stephanie Welch,Science Fiction,1969,3.4
739,Configurable dedicated extranet,Marc Gonzalez,Mystery,1921,1.9
740,Fully-configurable bandwidth-monitored adapter,Craig Williams,Non-Fiction,1929,1.3
741,Diverse bottom-line synergy,Ashley Smith,Romance,1944,4.4
742,Adaptive object-oriented secured line,Stephanie Moore,Romance,1960,2.3
743,Intuitive contextually-based productivity,Joshua Huber,Mystery,2002,3.3
744,Networked neutral knowledge user,Jose Gilmore,Non-Fiction,2008,2.5
745,Object-based 3rdgeneration open system,Tonya Barnes,Non-Fiction,1971,1.3
746,Proactive reciprocal alliance,Tiffany Joseph,Romance,1933,3.9
747,Seamless intermediate architecture,Kevin Brock,Non-Fiction,1921,3.8
748,Business-focused hybrid monitoring,Yvette French,Fantasy,1950,1.4
749,Balanced client-server framework,Peter Taylor,Science Fiction,1944,1.2
750,Devolved stable website,Travis Wu,Romance,1991,2.3
751,Fully-configurable upward-trending firmware,Andrew Ingram,Romance,1912,1.5
752,Face-to-face fresh-thinking challenge,Joseph Stevens,Non-Fiction,1911,2.6
753,Realigned neutral parallelism,Brittany Bennett,Mystery,1993,3.3
754,Self-enabling systemic toolset,April Burton,Science Fiction,1969,3.5
755,Persevering holistic challenge,Brittany Armstrong,Science Fiction,1994,4.0
756,Versatile contextually-based firmware,Lisa Mitchell,Fantasy,1933,4.0
757,Front-line solution-oriented attitude,Angel Craig,Science Fiction,1902,3.6
758,Visionary fault-tolerant architecture,Andre Rodriguez,Romance,1941,1.2
759,Progressive background help-desk,Travis Flores,Fantasy,1985,3.9
760,Universal dynamic circuit,Kristina Lawrence,Romance,1941,2.7
761,Sharable executive array,Jeremy Booth,Romance,1906,1.1
762,Re-engineered human-resource capability,Julie Smith,Non-Fiction,2019,2.6
763,User-friendly composite firmware,Alexander Flores,Romance,2013,4.3
764,Decentralized demand-driven project,Kelly Aguilar,Fantasy,1918,2.3
765,Pre-emptive heuristic capacity,Anna Howell,Fantasy,2005,3.6
766,Switchable 24/7 monitoring,Sherri Estrada,Fantasy,1905,2.7
767,Persevering scalable process improvement,Larry Daniels,Fantasy,1981,3.0
768,Inverse solution-oriented budgetary management,Dennis Knight,Mystery,1914,2.2
769,Pre-emptive systemic firmware,Kenneth Johnson,Science Fiction,1982,3.1
770,Extended 4thgeneration paradigm,Angela Moore,Non-Fiction,1969,5.0
771,Implemented user-facing workforce,Travis Leon,Non-Fiction,1991,2.0
772,Inverse coherent structure,Caleb Hobbs,Fantasy,1968,3.5
773,Enhanced background matrices,Henry Taylor,Non-Fiction,2020,3.4
774,Cross-platform composite synergy,Misty Dorsey,Romance,1910,1.0
775,User-centric directional framework,Emily Grant,Mystery,1965,2.2
776,Public-key next generation website,Robert Velazquez,Non-Fiction,1949,4.5
777,Phased even-keeled core,Troy Jones,Mystery,1986,4.8
778,Monitored encompassing superstructure,Benjamin Hernandez,Science Fiction,2022,1.4
779,Versatile actuating collaboration,Christina Bishop,Romance,1907,4.1
780,Synchronized full-range website,Jennifer Bass,Non-Fiction,1942,1.4
781,Automated grid-enabled pricing structure,Barry Wallace,Non-Fiction,1929,3.6
782,Optimized bottom-line protocol,Robert Shepherd,Science Fiction,1961,3.3
783,Face-to-face exuding benchmark,Jeremy Ball,Non-Fiction,1926,3.0
784,Triple-buffered uniform migration,Amy Allen,Romance,1971,1.5
785,Multi-tiered object-oriented moratorium,Jessica Lynch,Mystery,1971,1.9
786,Secured disintermediate knowledge user,Natasha Reed,Mystery,1920,1.0
787,Distributed responsive open system,Jonathan Hartman,Romance,1956,2.7
788,Decentralized system-worthy emulation,Christine Williams,Science Fiction,2005,2.6
789,Operative responsive definition,Robert Kramer,Mystery,1939,4.4
790,Realigned radical pricing structure,Kenneth Turner Jr.,Mystery,1991,1.6
791,Reactive client-server conglomeration,Lisa Boyd,Romance,2015,1.9
792,Distributed foreground complexity,Oscar Gross,Romance,2001,3.8
793,Reduced empowering protocol,Erica Ward DDS,Mystery,1912,3.8
794,Profit-focused system-worthy hub,Nancy Harris,Mystery,1968,3.3
795,Business-focused impactful attitude,Tina Turner,Fantasy,1981,4.7
796,Reactive explicit hub,Elizabeth Lee,Romance,1996,4.8
797,Devolved global product,Rebecca Randolph,Mystery,1954,2.3
798,Grass-roots optimal help-desk,Nancy Keith,Science Fiction,1907,2.2
799,Proactive intangible complexity,Mary Hayes,Romance,1914,1.2
800,Business-focused radical service-desk,Karen Crane,Fantasy,1988,4.6
801,Object-based needs-based product,Erika Kramer,Mystery,1953,1.7
802,Integrated intangible matrix,Catherine Lee,Fantasy,2001,2.8
803,Multi-tiered asymmetric success,Sarah Ashley,Mystery,2006,3.5
804,Balanced 4thgeneration migration,Wanda Daniels,Mystery,1936,2.1
805,Progressive fresh-thinking policy,Victoria Robinson,Non-Fiction,2004,1.9
806,Focused intangible Graphical User Interface,Amanda Howell,Mystery,1970,1.2
807,Networked 4thgeneration focus group,Eddie Miller,Romance,1972,3.0
808,Focused neutral Local Area Network,Cathy Black,Fantasy,1902,4.4
809,Open-architected 24/7 challenge,Michael Bowen,Fantasy,1972,4.8
810,Upgradable next generation middleware,Bridget Bowen,Fantasy,1917,1.1
811,Optimized user-facing superstructure,Mrs. Joanna French,Romance,1963,4.4
812,Pre-emptive encompassing approach,Ryan Gibson,Mystery,1979,3.9
813,Up-sized hybrid policy,Alexander Garcia,Science Fiction,1982,4.3
814,Persevering zero-defect emulation,Gary Pugh,Fantasy,1922,4.4
815,Future-proofed next generation hub,Chase Mills,Fantasy,1983,3.4
816,Expanded zero-defect capability,Pamela Johnson,Fantasy,1994,4.0
817,Intuitive incremental leverage,Paul Herrera,Mystery,2014,2.1
818,Visionary homogeneous frame,William Jenkins,Mystery,1946,2.6
819,Digitized leadingedge emulation,Cassandra Roberts,Mystery,1926,2.6
820,Innovative 5thgeneration project,Sierra Edwards,Non-Fiction,1932,3.7
821,Synchronized user-facing orchestration,Marcus Rosario Jr.,Romance,1958,1.6
822,Mandatory contextually-based flexibility,Allen Martin,Science Fiction,1981,4.6
823,Open-source content-based time-frame,Lee Reid,Romance,1922,2.8
824,Streamlined global architecture,Donna Lawson,Fantasy,2003,1.6
825,Persistent contextually-based pricing structure,Donald Lynch,Science Fiction,1915,1.2
826,Cross-group contextually-based parallelism,Tyler Berg,Mystery,1990,2.6
827,Switchable dynamic Internet solution,Kevin Jarvis,Mystery,1911,4.4
828,Optional radical ability,Nicholas Hopkins,Non-Fiction,1926,1.3
829,Upgradable dynamic support,Cassidy Huynh,Fantasy,1942,4.9
830,Extended grid-enabled contingency,Jennifer Mitchell,Romance,1996,3.2
831,Quality-focused radical moratorium,Jason Lawrence,Romance,1900,3.2
832,Decentralized zero tolerance support,Richard Hendricks,Non-Fiction,1946,1.7
833,Enterprise-wide system-worthy model,Dawn Bond,Non-Fiction,1937,4.8
834,Down-sized radical focus group,Albert Powers,Non-Fiction,2016,3.0
835,Networked maximized firmware,Brittany Greene,Mystery,1995,1.4
836,Front-line encompassing system engine,Jeffery Morris,Non-Fiction,1938,2.0
837,Integrated regional encryption,Summer Williams,Science Fiction,2022,4.7
838,Object-based asymmetric orchestration,Luis Hernandez,Science Fiction,1941,3.0
839,Customizable uniform portal,Susan White,Science Fiction,1954,4.1
840,Monitored maximized hub,Katherine Stanley,Mystery,1907,1.1
841,Innovative executive matrix,Jacob Crane,Mystery,2001,3.3
842,Devolved bifurcated adapter,Kathryn Benjamin,Fantasy,1924,1.6
843,Cloned static matrix,James Sims,Mystery,1921,3.8
844,Optional impactful knowledgebase,Sharon Carroll,Science Fiction,1974,4.2
845,Intuitive cohesive task-force,Teresa Coffey,Mystery,2000,1.9
846,Switchable well-modulated time-frame,Erica Griffin,Non-Fiction,1961,1.7
847,Ameliorated bi-directional collaboration,Jonathan Nelson,Science Fiction,1977,3.4
848,Enhanced homogeneous workforce,Jonathan Martin,Mystery,1931,3.7
849,Adaptive attitude-oriented knowledge user,Jeremy Stewart,Romance,1904,3.6
850,Synchronized clear-thinking secured line,Daniel Kaufman,Mystery,1968,3.2
851,Distributed leadingedge Graphic Interface,Misty Mosley,Romance,1976,3.7
852,Triple-buffered systemic solution,Jeffery Gallagher,Romance,1995,1.8
853,Digitized optimal hub,Michele Bradley,Mystery,2003,3.3
854,Synchronized bandwidth-monitored protocol,Lori Thompson,Non-Fiction,1919,2.4
855,De-engineered 6thgeneration archive,Kenneth Lam,Non-Fiction,1902,1.6
856,Cloned dynamic strategy,Nancy Graham,Fantasy,1936,1.6
857,Sharable empowering website,Amanda Powers,Non-Fiction,2014,3.7
858,Profit-focused dynamic standardization,Andrew Gonzalez,Science Fiction,1911,1.4
859,Intuitive impactful task-force,Christopher Richardson,Romance,1913,4.2
860,Virtual foreground implementation,Connie Jackson,Fantasy,1990,3.3
861,De-engineered responsive task-force,Dale Gates,Non-Fiction,1912,4.7
862,Multi-channeled bandwidth-monitored flexibility,Robin Johnson,Non-Fiction,1902,4.0
863,Pre-emptive zero tolerance time-frame,Andrea Rogers,Non-Fiction,1997,1.3
864,De-engineered multimedia pricing structure,Amanda Smith,Mystery,1926,1.6
865,De-engineered homogeneous definition,Christine Andrews,Non-Fiction,2004,4.5
866,Stand-alone radical circuit,Jill Brown,Science Fiction,2008,2.4
867,Stand-alone regional circuit,Kyle Freeman,Fantasy,1916,2.0
868,User-friendly coherent concept,Melissa Moore,Science Fiction,1978,4.3
869,Business-focused heuristic customer loyalty,Amy Graham,Romance,1941,1.5
870,Right-sized radical hardware,Nathan Glenn,Non-Fiction,1976,1.2
871,Up-sized bottom-line parallelism,Roger Carter,Science Fiction,2006,4.9
872,Operative user-facing paradigm,Jennifer Sosa,Mystery,1981,4.4
873,Cross-group encompassing conglomeration,Robin Sanders,Romance,1980,5.0
874,Integrated reciprocal capability,Vanessa Diaz,Non-Fiction,1948,1.7
875,Enhanced high-level ability,Christopher Graham,Mystery,1948,4.3
876,Public-key bottom-line secured line,Eric Smith,Science Fiction,2014,2.0
877,Seamless zero tolerance solution,Brett Walton,Romance,1986,3.4
878,Enterprise-wide disintermediate secured line,Todd Guerrero,Fantasy,1989,2.4
879,Focused multimedia standardization,Jessica Thornton,Science Fiction,2013,4.7
880,Diverse impactful synergy,Mark Calhoun,Fantasy,1991,4.3
881,Assimilated 24/7 extranet,Martin Gross,Mystery,2014,1.4
882,Open-source zero tolerance Graphical User Interface,Kristy Lin,Fantasy,1927,1.2
883,Mandatory contextually-based artificial intelligence,Laura Kennedy,Science Fiction,1985,2.9
884,Team-oriented well-modulated infrastructure,Katie Jenkins,Science Fiction,1945,3.6
885,Devolved empowering collaboration,Beth Butler,Non-Fiction,2002,4.2
886,Function-based well-modulated definition,Laura Jackson,Science Fiction,2014,2.8
887,Sharable intangible customer loyalty,Keith Lewis,Science Fiction,1961,2.1
888,Networked client-server algorithm,Amanda Wilson,Romance,1906,4.3
889,Extended neutral functionalities,Stephen Brooks,Mystery,1960,4.1
890,Grass-roots mission-critical policy,Antonio Hodge,Non-Fiction,1994,2.5
891,Profit-focused systemic strategy,Anthony Thompson,Science Fiction,1973,2.5
892,Multi-channeled incremental superstructure,Scott Richardson,Mystery,1937,4.7
893,Diverse bifurcated migration,Gina Walker,Romance,1955,1.4
894,Cloned foreground Local Area Network,Jennifer Walker,Science Fiction,1968,3.7
895,Streamlined 5thgeneration support,Jacob Schultz,Non-Fiction,2013,4.5
896,Re-contextualized motivating capability,Rebecca Harper,Mystery,1962,2.9
897,Pre-emptive user-facing service-desk,Laura Osborne,Fantasy,2001,3.0
898,Multi-layered didactic contingency,Philip Gould,Romance,1971,2.0
899,Robust demand-driven projection,Michael Adams DVM,Fantasy,1959,1.0
900,Visionary even-keeled complexity,Virginia Saunders,Romance,1943,3.0
901,Front-line bandwidth-monitored service-desk,Patricia Fitzpatrick,Fantasy,1996,1.7
902,Automated coherent knowledgebase,Sherry Byrd,Romance,2020,2.9
903,De-engineered 3rdgeneration focus group,Joseph Davis,Non-Fiction,1957,1.1
904,Function-based 5thgeneration model,Jason Potter,Romance,1922,1.3
905,Self-enabling neutral Graphic Interface,Anthony Jackson Jr.,Non-Fiction,1935,2.9
906,Down-sized value-added structure,Angela Cruz,Science Fiction,1951,2.7
907,Cross-platform responsive utilization,Craig Schneider,Fantasy,2008,3.0
908,Intuitive user-facing complexity,Matthew Dominguez,Science Fiction,1986,1.5
909,Distributed demand-driven workforce,Julie Horton,Fantasy,2015,2.4
910,Polarized bandwidth-monitored matrix,Stephanie Mcdonald,Non-Fiction,2000,2.1
911,Stand-alone tertiary matrices,Eric Davis,Romance,2010,2.4
912,Programmable homogeneous monitoring,Brandon Ramirez,Mystery,1918,1.6
913,Exclusive background installation,Rebecca Farmer,Science Fiction,2015,1.2
914,Innovative discrete budgetary management,Richard Gonzalez,Fantasy,1992,3.5
915,Configurable full-range leverage,Casey Morris,Science Fiction,1940,3.3
916,Multi-lateral grid-enabled forecast,James Sharp,Non-Fiction,1950,3.2
917,Optimized regional task-force,Steven Thompson,Non-Fiction,1955,3.8
918,Proactive cohesive strategy,Angela White,Romance,1902,2.4
919,Fully-configurable actuating success,Jack Harvey,Science Fiction,1963,2.6
920,Horizontal didactic neural-net,Howard Heath,Science Fiction,2008,2.2
921,Progressive multi-state secured line,Benjamin Frost,Non-Fiction,1997,2.6
922,Optional 6thgeneration help-desk,Erin Crawford,Non-Fiction,1907,4.6
923,Multi-tiered stable process improvement,Sarah Armstrong,Fantasy,1926,3.5
924,Switchable user-facing secured line,Nicholas Curtis,Non-Fiction,1976,3.4
925,Adaptive bi-directional access,Daisy Osborn,Fantasy,1950,2.4
926,Adaptive dedicated analyzer,Lindsay King,Mystery,1951,2.6
927,Horizontal 5thgeneration matrices,Christina Le,Fantasy,1947,1.8
928,Horizontal incremental task-force,Regina Anderson,Non-Fiction,1981,2.4
929,Multi-lateral 6thgeneration help-desk,Alice Rosales,Mystery,1934,2.3
930,Operative national contingency,James Compton,Non-Fiction,1938,1.0
931,Implemented 5thgeneration parallelism,Zachary Ferrell,Science Fiction,2020,5.0
932,Customer-focused stable Graphical User Interface,Kristy Gutierrez,Romance,1931,1.7
933,Assimilated local productivity,Holly Thomas,Mystery,1916,4.2
934,Versatile logistical moratorium,Joel Gutierrez,Mystery,1927,3.4
935,Fully-configurable user-facing alliance,Brian Ramirez,Fantasy,1950,1.0
936,Stand-alone dynamic groupware,Juan Larsen,Mystery,2004,4.3
937,Focused actuating moratorium,George Gross,Non-Fiction,1996,4.5
938,Integrated system-worthy frame,Sheri Bryan,Romance,2014,2.9
939,Cross-group heuristic methodology,David Thompson,Fantasy,1968,1.1
940,Inverse web-enabled support,Eric Hartman,Romance,1925,1.8
941,Implemented full-range knowledgebase,Donald Whitehead,Mystery,1918,2.9
942,Synergized heuristic protocol,Brian Nichols,Science Fiction,1918,4.3
943,Proactive 24/7 open architecture,Matthew Brooks,Science Fiction,1903,1.7
944,Multi-tiered human-resource complexity,Wanda Jones,Fantasy,1942,4.9
945,Profit-focused client-driven infrastructure,Julie Gilbert,Fantasy,1999,3.7
946,Versatile reciprocal hub,Aaron Taylor,Non-Fiction,1960,2.6
947,Ameliorated foreground function,Alexis Black MD,Romance,1903,4.0
948,Switchable fault-tolerant model,Mark Anderson,Science Fiction,1996,2.3
949,Robust dedicated groupware,Patrick Guerrero,Science Fiction,1984,4.8
950,Open-source fault-tolerant encoding,Sylvia Smith,Romance,1995,5.0
951,Monitored multi-tasking throughput,Angela Washington,Fantasy,1934,1.5
952,Implemented intangible service-desk,Melissa Smith,Fantasy,1949,3.9
953,Down-sized real-time collaboration,Edward Hernandez,Romance,1989,3.7
954,Robust cohesive emulation,Amy Patel,Non-Fiction,1997,3.6
955,Total foreground core,Vincent Robinson,Fantasy,1970,1.8
956,Self-enabling heuristic strategy,Caitlin Solomon,Mystery,1933,2.3
957,Horizontal well-modulated moratorium,Brett Wu,Science Fiction,1972,4.6
958,Sharable 24/7 frame,Nancy Jenkins,Fantasy,1906,2.8
959,Balanced encompassing circuit,Michael Green,Fantasy,1997,4.0
960,Phased directional budgetary management,Thomas Johnson,Science Fiction,1966,4.3
961,Customer-focused even-keeled Graphical User Interface,Scott Barnes,Romance,1928,2.4
962,Vision-oriented 6thgeneration secured line,Lisa Smith,Non-Fiction,1980,2.7
963,Assimilated clear-thinking leverage,Michelle Henderson,Science Fiction,1950,1.2
964,Triple-buffered static neural-net,Cesar Hernandez,Science Fiction,1973,3.5
965,Object-based foreground definition,Matthew Blackwell,Romance,1991,3.5
966,Decentralized real-time groupware,Leslie Young,Fantasy,1965,2.5
967,Fundamental non-volatile collaboration,Gregory Smith,Mystery,1988,3.7
968,Streamlined next generation application,David Pierce,Science Fiction,1923,2.4
969,Function-based eco-centric attitude,Debra Strickland,Non-Fiction,1959,3.5
970,Universal 4thgeneration intranet,Nancy White,Mystery,1908,4.4
971,Optional encompassing functionalities,Nichole Brown,Science Fiction,2012,1.1
972,Robust zero tolerance array,Richard Alvarado,Mystery,2012,4.5
973,Synergistic web-enabled system engine,Jason Robinson,Fantasy,2013,3.6
974,Visionary global approach,Sandra Sharp,Romance,1948,4.8
975,Extended contextually-based conglomeration,Cassandra Sanchez,Science Fiction,1962,4.8
976,Persevering maximized algorithm,Brandi Norman,Mystery,2007,1.2
977,Integrated user-facing structure,Ms. Sherri Davidson,Fantasy,1906,1.9
978,Advanced encompassing policy,Hunter Cole,Romance,2003,1.2
979,Visionary global superstructure,Eric Garcia,Romance,2004,1.5
980,Quality-focused cohesive encryption,Sandra Clayton,Romance,1991,4.7
981,Reverse-engineered leadingedge website,Sylvia Carson,Romance,2013,3.7
982,Networked value-added knowledgebase,Shelly Thomas,Fantasy,1923,2.3
983,Face-to-face dynamic structure,Sean Rowe,Science Fiction,2020,3.9
984,Pre-emptive interactive projection,Samuel Wong,Fantasy,1944,2.2
985,Virtual empowering implementation,Austin Rodriguez,Science Fiction,1953,4.8
986,Monitored cohesive conglomeration,Bryan Hall,Mystery,1933,3.3
987,Mandatory static implementation,Robert Bridges,Mystery,1914,4.7
988,Extended scalable complexity,Melissa Johnson,Science Fiction,1934,1.8
989,Managed foreground encryption,Alejandra Higgins,Romance,2011,2.3
990,Compatible bi-directional budgetary management,Amber Adams,Fantasy,1905,2.0
991,Programmable attitude-oriented structure,Mark Martinez,Romance,1941,1.3
992,Triple-buffered uniform standardization,Mary Cohen,Non-Fiction,1938,4.9
993,Profound neutral extranet,Jane Morris,Romance,2021,4.1
994,Public-key contextually-based extranet,Levi Smith,Non-Fiction,1996,3.0
995,Innovative attitude-oriented toolset,James Marquez,Mystery,1916,2.0
996,Pre-emptive disintermediate budgetary management,David Martinez,Mystery,2014,2.3
997,Open-architected dedicated synergy,Rachel Ramirez,Fantasy,2011,4.9
998,Customer-focused optimal frame,Jessica Golden,Fantasy,1927,4.7
999,Ameliorated context-sensitive middleware,Gina Steele,Fantasy,1969,2.9
1000,Distributed empowering Graphical User Interface,Laura Lane,Mystery,1909,1.8
